City,Lat,Lng,Max Temp,Humidity,Cloudiness,Wind Speed,Country,Date
chuy,-33.6971,-53.4616,70.09,96.0,2.0,6.24,UY,1611453893.0
vaini,-21.2,-175.2,78.8,94.0,75.0,8.05,TO,1611453893.0
dikson,73.5069,80.5464,-16.96,90.0,69.0,7.07,RU,1611453893.0
provideniya,64.3833,-173.3,7.03,84.0,1.0,2.01,RU,1611453893.0
yellowknife,62.456,-114.3525,-24.0,75.0,1.0,3.44,CA,1611453812.0
souillac,-20.5167,57.5167,75.2,94.0,40.0,2.3,MU,1611453893.0
rio gallegos,-51.6226,-69.2181,62.6,34.0,0.0,6.91,AR,1611453893.0
bereda,43.2686,-7.5406,48.99,100.0,99.0,8.99,ES,1611453893.0
deputatskiy,69.3,139.9,-35.32,85.0,99.0,2.21,RU,1611453894.0
rikitea,-23.1203,-134.9692,79.52,63.0,15.0,6.58,PF,1611453894.0
nanortalik,60.1432,-45.2371,22.35,89.0,0.0,10.69,GL,1611453894.0
camana,-16.6228,-72.7111,70.97,75.0,42.0,5.53,PE,1611453894.0
mataura,-46.1927,168.8643,57.99,83.0,98.0,21.99,NZ,1611453894.0
saint anthony,45.0205,-93.218,18.0,79.0,90.0,9.22,US,1611453894.0
chokurdakh,70.6333,147.9167,-35.97,83.0,100.0,7.76,RU,1611453894.0
salalah,17.0151,54.0924,68.0,34.0,0.0,14.97,OM,1611453894.0
port hardy,50.6996,-127.4199,39.2,81.0,90.0,4.61,CA,1611453775.0
hilo,19.7297,-155.09,78.8,61.0,75.0,9.22,US,1611453890.0
wynyard,-41.0,145.7167,73.99,43.0,100.0,8.99,AU,1611453894.0
norman wells,65.282,-126.8329,-14.8,76.0,75.0,4.61,CA,1611453894.0
butaritari,3.0707,172.7902,80.1,78.0,61.0,9.15,KI,1611453894.0
komsomolskiy,40.4272,71.7189,19.4,73.0,100.0,2.3,UZ,1611453894.0
okha,53.5739,142.9478,-5.71,86.0,100.0,10.94,RU,1611453894.0
saint-jean-de-maurienne,45.1667,6.5833,26.01,90.0,100.0,3.94,FR,1611453894.0
east london,-33.0153,27.9116,71.35,70.0,74.0,23.22,ZA,1611453895.0
hermanus,-34.4187,19.2345,57.0,95.0,8.0,8.68,ZA,1611453895.0
ribeira grande,38.5167,-28.7,62.65,87.0,80.0,26.87,PT,1611453895.0
new norfolk,-42.7826,147.0587,84.0,25.0,100.0,1.99,AU,1611453895.0
lagoa,39.05,-27.9833,61.41,90.0,100.0,30.27,PT,1611453895.0
kwekwe,-18.9281,29.8149,61.83,97.0,100.0,2.73,ZW,1611453895.0
conde,-7.2597,-34.9075,77.0,88.0,20.0,5.75,BR,1611453895.0
punta arenas,-53.15,-70.9167,51.8,62.0,0.0,23.02,CL,1611453895.0
payo,-3.7508,103.6372,78.71,85.0,100.0,3.44,ID,1611453895.0
shenjiamen,29.9576,122.298,44.19,88.0,89.0,12.59,CN,1611453895.0
kisangani,0.5167,25.2,72.21,76.0,100.0,2.13,CD,1611453895.0
khatanga,71.9667,102.5,-25.87,85.0,100.0,11.18,RU,1611453895.0
tuktoyaktuk,69.4541,-133.0374,-22.0,76.0,1.0,16.11,CA,1611453895.0
asau,46.4333,26.4,37.0,62.0,100.0,4.34,RO,1611453895.0
faya,18.3851,42.4509,50.0,46.0,0.0,2.57,SA,1611453895.0
nha trang,12.25,109.1833,77.0,65.0,40.0,9.22,VN,1611453895.0
jamestown,42.097,-79.2353,21.0,86.0,90.0,9.22,US,1611453725.0
turukhansk,65.8167,87.9833,-38.43,76.0,9.0,6.02,RU,1611453896.0
kodiak,57.79,-152.4072,39.2,56.0,40.0,14.97,US,1611453896.0
belmonte,-15.8631,-38.8828,73.4,88.0,40.0,4.61,BR,1611453896.0
busselton,-33.65,115.3333,71.01,63.0,53.0,5.01,AU,1611453849.0
soc trang,9.6033,105.98,78.8,89.0,40.0,6.91,VN,1611453896.0
luderitz,-26.6481,15.1594,70.9,49.0,100.0,27.09,NA,1611453896.0
davila,18.4726,120.5763,78.8,78.0,75.0,13.8,PH,1611453896.0
port alfred,-33.5906,26.891,64.99,95.0,71.0,4.0,ZA,1611453896.0
saskylakh,71.9167,114.0833,-34.65,80.0,25.0,6.15,RU,1611453896.0
bredasdorp,-34.5322,20.0403,59.0,88.0,57.0,6.91,ZA,1611453896.0
poya,-21.35,165.15,81.3,75.0,100.0,9.98,NC,1611453896.0
fortuna,40.5982,-124.1573,48.0,81.0,90.0,8.05,US,1611453708.0
leningradskiy,69.3833,178.4167,-16.42,80.0,0.0,2.98,RU,1611453896.0
atuona,-9.8,-139.0333,78.21,80.0,4.0,16.17,PF,1611453896.0
upernavik,72.7868,-56.1549,20.35,82.0,100.0,7.2,GL,1611453896.0
hobart,-42.8794,147.3294,84.0,56.0,75.0,11.5,AU,1611453852.0
cape town,-33.9258,18.4232,64.99,67.0,20.0,16.11,ZA,1611453670.0
carndonagh,55.25,-7.2667,31.12,95.0,100.0,4.0,IE,1611453896.0
dryden,49.7833,-92.7503,17.6,86.0,90.0,13.8,CA,1611453896.0
barahona,18.2085,-71.1008,75.47,80.0,38.0,3.67,DO,1611453897.0
visnes,59.3556,5.2242,34.0,93.0,75.0,8.05,NO,1611453897.0
coquimbo,-29.9533,-71.3436,62.6,82.0,20.0,5.75,CL,1611453696.0
henties bay,-22.116,14.2845,71.01,89.0,100.0,3.27,NA,1611453897.0
ponta do sol,32.6667,-17.1,59.0,77.0,100.0,1.99,PT,1611453897.0
eureka,40.8021,-124.1637,48.0,78.0,16.0,7.0,US,1611453811.0
velten,52.6833,13.1833,35.01,92.0,100.0,4.43,DE,1611453897.0
honiara,-9.4333,159.95,86.68,56.0,100.0,6.38,SB,1611453897.0
bilibino,68.0546,166.4372,-32.08,81.0,62.0,1.86,RU,1611453897.0
airai,-8.9266,125.4092,70.47,84.0,89.0,3.67,TL,1611453897.0
belaya gora,68.5333,146.4167,-31.58,84.0,100.0,5.01,RU,1611453897.0
antalaha,-14.9003,50.2788,75.7,87.0,100.0,4.79,MG,1611453897.0
san cristobal,7.7669,-72.225,66.72,76.0,92.0,2.28,VE,1611453796.0
ushuaia,-54.8,-68.3,57.2,44.0,40.0,18.41,AR,1611453763.0
mehamn,71.0357,27.8492,19.69,93.0,100.0,23.62,NO,1611453897.0
narsaq,60.9167,-46.05,28.4,29.0,0.0,23.02,GL,1611453897.0
bluff,-46.6,168.3333,57.99,83.0,87.0,21.99,NZ,1611453897.0
ladario,-19.0047,-57.6017,74.55,93.0,100.0,1.95,BR,1611453671.0
codrington,-38.2667,141.9667,96.24,19.0,100.0,7.34,AU,1611453898.0
sakakah,29.9697,40.2064,39.2,41.0,0.0,3.44,SA,1611453898.0
mahebourg,-20.4081,57.7,75.2,94.0,40.0,2.3,MU,1611453898.0
chicama,-7.8447,-79.1469,69.8,88.0,20.0,10.36,PE,1611453898.0
qaanaaq,77.484,-69.3632,14.72,78.0,91.0,0.56,GL,1611453898.0
albany,42.6001,-73.9662,16.0,57.0,0.0,3.0,US,1611453690.0
kamien pomorski,53.9685,14.7726,30.99,100.0,90.0,3.44,PL,1611453898.0
miles city,46.4083,-105.8406,17.6,67.0,1.0,4.61,US,1611453898.0
west wendover,40.7391,-114.0733,30.2,93.0,90.0,4.61,US,1611453789.0
zahesi,41.8246,44.7536,19.4,79.0,0.0,2.01,GE,1611453898.0
avarua,-21.2078,-159.775,86.0,66.0,75.0,11.5,CK,1611453898.0
portland,45.5234,-122.6762,43.0,61.0,90.0,3.13,US,1611453738.0
arraial do cabo,-22.9661,-42.0278,75.58,85.0,97.0,16.08,BR,1611453898.0
lota,-37.0833,-73.1667,59.0,94.0,90.0,8.05,CL,1611453898.0
bathsheba,13.2167,-59.5167,77.0,69.0,20.0,13.8,BB,1611453898.0
bengkulu,-3.8004,102.2655,83.19,67.0,100.0,5.08,ID,1611453699.0
guerrero negro,27.9769,-114.0611,58.69,68.0,49.0,10.38,MX,1611453898.0
kruisfontein,-34.0033,24.7314,69.01,82.0,100.0,7.0,ZA,1611453898.0
tanout,14.9709,8.8879,57.76,29.0,0.0,12.64,NE,1611453899.0
najran,17.4924,44.1277,46.4,36.0,0.0,0.65,SA,1611453899.0
nueva gerona,21.8833,-82.8,72.48,77.0,0.0,5.44,CU,1611453899.0
corinto,37.9407,22.9573,50.0,87.0,40.0,4.61,GR,1611453899.0
tiksi,71.6872,128.8694,-41.44,79.0,53.0,4.83,RU,1611453899.0
namibe,-15.1961,12.1522,74.05,77.0,100.0,5.93,AO,1611453899.0
alpena,45.0617,-83.4327,17.01,86.0,1.0,6.2,US,1611453616.0
san patricio,28.017,-97.5169,68.0,100.0,90.0,8.05,US,1611453899.0
inuvik,68.3499,-133.7218,-16.6,76.0,0.0,5.75,CA,1611453899.0
lebu,-37.6167,-73.65,58.26,86.0,0.0,18.19,CL,1611453899.0
tura,25.5198,90.2201,61.25,58.0,100.0,2.48,IN,1611453664.0
alofi,-19.0595,-169.9187,87.8,62.0,44.0,8.05,NU,1611453899.0
mataram,-8.5833,116.1167,84.2,79.0,75.0,5.75,ID,1611453899.0
thompson,55.7435,-97.8558,-13.0,70.0,90.0,10.36,CA,1611453837.0
miri,4.4148,114.0089,78.8,94.0,20.0,2.3,MY,1611453899.0
sisimiut,66.9395,-53.6735,15.93,79.0,0.0,5.53,GL,1611453899.0
victoria,22.2855,114.1577,64.0,84.0,18.0,4.0,HK,1611453860.0
ostrovnoy,68.0531,39.5131,0.64,91.0,95.0,11.68,RU,1611453899.0
saint-francois,46.4154,3.9054,33.8,80.0,40.0,5.75,FR,1611453899.0
melsungen,51.1333,9.55,35.01,93.0,100.0,6.91,DE,1611453900.0
lasa,46.6166,10.7002,28.0,100.0,6.0,2.75,IT,1611453900.0
pijijiapan,15.7011,-93.23,75.74,76.0,49.0,2.73,MX,1611453631.0
borba,-4.3878,-59.5939,76.51,85.0,11.0,1.61,BR,1611453900.0
viedma,-40.8135,-62.9967,68.22,60.0,29.0,22.86,AR,1611453900.0
waterloo,43.4668,-80.5164,19.0,79.0,90.0,5.75,CA,1611453839.0
carnarvon,-24.8667,113.6333,80.6,50.0,75.0,13.8,AU,1611453900.0
cedar city,37.6775,-113.0619,33.8,60.0,40.0,3.53,US,1611453649.0
aljezur,37.3191,-8.8033,59.0,100.0,100.0,4.0,PT,1611453900.0
san luis,-33.295,-66.3356,79.48,34.0,0.0,7.67,AR,1611453900.0
cabo san lucas,22.8909,-109.9124,66.0,68.0,20.0,11.5,MX,1611453791.0
port hedland,-20.3167,118.5667,96.8,30.0,89.0,16.11,AU,1611453900.0
micheweni,-4.9667,39.8333,79.0,82.0,99.0,8.16,TZ,1611453900.0
mar del plata,-38.0023,-57.5575,78.8,78.0,0.0,9.22,AR,1611453765.0
haines junction,60.7522,-137.5108,8.6,92.0,100.0,2.84,CA,1611453900.0
puerto ayora,-0.7393,-90.3518,75.99,94.0,28.0,4.0,EC,1611453900.0
kapaa,22.0752,-159.319,75.2,88.0,75.0,11.5,US,1611453900.0
cao bang,22.6667,106.25,67.91,58.0,1.0,5.28,VN,1611453900.0
panama city,8.9936,-79.5197,78.8,78.0,90.0,9.22,PA,1611453790.0
pemangkat,1.1667,108.9667,77.83,85.0,100.0,5.17,ID,1611453901.0
andenes,69.3143,16.1194,21.2,73.0,75.0,11.5,NO,1611453901.0
bom jesus,-9.0744,-44.3586,72.01,67.0,21.0,1.34,BR,1611453808.0
praya,14.9215,-23.5087,69.8,78.0,0.0,17.27,CV,1611453901.0
bialogard,54.007,15.9875,28.99,96.0,100.0,2.26,PL,1611453630.0
nikolskoye,59.7035,30.7861,33.8,93.0,90.0,8.95,RU,1611453901.0
dana point,33.467,-117.6981,48.99,92.0,100.0,1.01,US,1611453901.0
evans,33.5337,-82.1307,50.0,37.0,1.0,5.75,US,1611453901.0
west plains,36.7281,-91.8524,37.99,44.0,90.0,8.05,US,1611453701.0
ahipara,-35.1667,173.1667,70.79,66.0,6.0,10.96,NZ,1611453903.0
omboue,-1.5746,9.2618,76.86,85.0,95.0,3.85,GA,1611453903.0
san lorenzo,-25.3333,-57.5333,77.0,88.0,0.0,4.61,PY,1611453903.0
cabatuan,10.8794,122.486,82.47,72.0,98.0,5.86,PH,1611453903.0
inhambane,-23.865,35.3833,80.15,85.0,100.0,13.11,MZ,1611453903.0
egvekinot,66.3167,-179.1667,-10.46,85.0,0.0,2.33,RU,1611453903.0
hithadhoo,-0.6,73.0833,81.25,72.0,87.0,4.25,MV,1611453904.0
tonj,7.2737,28.6822,72.03,31.0,50.0,5.01,SS,1611453904.0
saint george,37.1041,-113.5841,46.4,46.0,40.0,5.75,US,1611453904.0
puerto escondido,15.85,-97.0667,80.6,74.0,40.0,3.44,MX,1611453904.0
samarai,-10.6167,150.6667,82.63,75.0,100.0,6.98,PG,1611453904.0
palana,59.1167,159.9667,-1.19,96.0,99.0,1.57,RU,1611453904.0
miguel hidalgo,19.4225,-99.2028,69.8,30.0,40.0,9.22,MX,1611453608.0
xining,36.6167,101.7667,24.82,66.0,100.0,0.89,CN,1611453904.0
staryy oskol,51.2967,37.8417,34.59,97.0,100.0,6.8,RU,1611453615.0
saint-philippe,-21.3585,55.7679,78.8,69.0,20.0,4.61,RE,1611453905.0
ixtapa,20.7,-105.2,73.4,83.0,1.0,6.91,MX,1611453726.0
letterkenny,54.95,-7.7333,30.47,96.0,100.0,2.93,IE,1611453905.0
nouadhibou,20.931,-17.0347,64.4,82.0,0.0,13.8,MR,1611453905.0
margate,51.3813,1.3862,35.01,81.0,0.0,1.01,GB,1611453905.0
kavieng,-2.5744,150.7967,85.64,63.0,88.0,4.88,PG,1611453905.0
kristiinankaupunki,62.2743,21.376,32.72,96.0,100.0,9.15,FI,1611453905.0
alyangula,-13.8483,136.4192,84.2,84.0,75.0,2.3,AU,1611453905.0
sitka,57.0531,-135.33,37.4,87.0,90.0,9.22,US,1611453905.0
havelock,34.8791,-76.9013,39.0,52.0,1.0,4.61,US,1611453905.0
barrow,71.2906,-156.7887,1.4,85.0,40.0,24.16,US,1611453905.0
bethel,41.3712,-73.414,21.99,42.0,1.0,6.91,US,1611453905.0
dalmatovo,56.26,62.9362,-19.98,86.0,100.0,8.16,RU,1611453905.0
north bend,43.4065,-124.2243,44.6,76.0,90.0,3.44,US,1611453906.0
chico,39.7285,-121.8375,54.0,46.0,20.0,9.22,US,1611453906.0
sehwan,26.4279,67.863,46.4,87.0,0.0,4.61,PK,1611453906.0
vila velha,-20.3297,-40.2925,77.0,88.0,20.0,3.44,BR,1611453627.0
soma,39.1855,27.6094,55.4,76.0,75.0,4.61,TR,1611453906.0
klaksvik,62.2266,-6.589,33.8,93.0,20.0,2.3,FO,1611453906.0
ketchikan,55.3422,-131.6461,33.8,100.0,90.0,6.91,US,1611453906.0
cockburn town,21.4612,-71.1419,75.2,78.0,40.0,4.61,TC,1611453906.0
maniitsoq,65.4167,-52.9,17.46,78.0,0.0,5.06,GL,1611453906.0
evensk,61.95,159.2333,-11.15,84.0,100.0,7.81,RU,1611453906.0
arraias,-12.9288,-46.9437,73.44,67.0,67.0,3.69,BR,1611453906.0
sarankhola,22.3082,89.7897,64.81,53.0,29.0,2.46,BD,1611453633.0
dunedin,-45.8742,170.5036,67.24,48.0,58.0,15.55,NZ,1611453907.0
bonavista,48.6499,-53.1147,26.01,79.0,90.0,8.05,CA,1611453907.0
zhangye,38.9342,100.4517,23.27,79.0,40.0,4.79,CN,1611453907.0
faanui,-16.4833,-151.75,81.18,72.0,0.0,12.39,PF,1611453907.0
leshukonskoye,64.8989,45.7622,1.38,93.0,99.0,8.12,RU,1611453907.0
severo-kurilsk,50.6789,156.125,21.18,95.0,98.0,31.32,RU,1611453907.0
carlos chagas,-17.7031,-40.7664,68.63,93.0,44.0,3.27,BR,1611453907.0
vila franca do campo,37.7167,-25.4333,62.01,100.0,75.0,19.57,PT,1611453907.0
khani,41.9563,42.9566,41.0,38.0,0.0,17.27,GE,1611453907.0
panaba,21.2833,-88.2667,70.74,89.0,19.0,8.46,MX,1611453907.0
aligudarz,33.4006,49.6949,23.94,68.0,0.0,3.98,IR,1611453907.0
frunze,48.6686,38.7544,36.73,85.0,100.0,11.61,UA,1611453907.0
sao joao da barra,-21.6403,-41.0511,75.43,85.0,46.0,8.79,BR,1611453908.0
arinos,-15.9169,-46.1056,72.48,70.0,68.0,1.95,BR,1611453908.0
qasigiannguit,68.8193,-51.1922,15.8,48.0,39.0,17.27,GL,1611453908.0
porto tolle,44.9497,12.3245,44.01,89.0,13.0,6.69,IT,1611453908.0
mackay,-21.15,149.2,86.0,58.0,0.0,14.97,AU,1611453807.0
palmaner,13.2,78.75,62.96,90.0,66.0,1.79,IN,1611453908.0
georgetown,5.4112,100.3354,82.4,83.0,20.0,3.44,MY,1611453908.0
pevek,69.7008,170.3133,-15.65,89.0,100.0,5.97,RU,1611453908.0
flin flon,54.7682,-101.865,-18.85,87.0,100.0,7.18,CA,1611453908.0
el tarra,8.5756,-73.0949,74.43,80.0,100.0,1.19,CO,1611453908.0
ilulissat,69.2167,-51.1,15.8,48.0,33.0,17.27,GL,1611453908.0
urumqi,43.801,87.6005,10.4,92.0,75.0,6.71,CN,1611453728.0
xichang,27.8964,102.2634,47.82,65.0,97.0,1.63,CN,1611453908.0
kirakira,-10.4544,161.9205,85.06,61.0,100.0,7.11,SB,1611453908.0
port elizabeth,-33.918,25.5701,68.0,83.0,20.0,21.85,ZA,1611453903.0
tulum,20.2167,-87.4667,78.01,88.0,75.0,3.44,MX,1611453908.0
broken hill,-31.95,141.4333,100.4,12.0,100.0,16.11,AU,1611453909.0
sao filipe,14.8961,-24.4956,73.04,69.0,98.0,6.24,CV,1611453909.0
iqaluit,63.7506,-68.5145,6.8,78.0,1.0,21.85,CA,1611453909.0
yulara,-25.2406,130.9889,82.4,69.0,90.0,21.85,AU,1611453909.0
weston,26.1004,-80.3998,70.0,88.0,1.0,7.18,US,1611453674.0
les cayes,18.2,-73.75,74.03,84.0,5.0,5.03,HT,1611453909.0
synya,65.3718,58.0387,-10.98,86.0,100.0,3.83,RU,1611453909.0
presidente epitacio,-21.7633,-52.1156,75.06,84.0,100.0,4.52,BR,1611453790.0
katsuura,35.1333,140.3,41.0,93.0,75.0,23.02,JP,1611453909.0
siddipet,18.1,78.85,66.25,75.0,0.0,8.23,IN,1611453909.0
marzuq,14.4,46.4667,50.74,45.0,92.0,2.15,YE,1611453909.0
bambous virieux,-20.3428,57.7575,77.0,94.0,40.0,2.3,MU,1611453909.0
lebyazhye,55.2689,66.4947,-30.37,83.0,1.0,5.79,RU,1611453909.0
mao,39.8885,4.2658,57.2,77.0,0.0,19.57,ES,1611453909.0
kargasok,59.0556,80.8572,-51.99,76.0,56.0,5.93,RU,1611453910.0
nizwa,22.9333,57.5333,52.36,64.0,0.0,2.3,OM,1611453910.0
bismarck,46.8083,-100.7837,24.8,63.0,90.0,11.5,US,1611453664.0
nanakuli,21.3906,-158.1547,80.6,57.0,20.0,16.11,US,1611453910.0
sari,36.5633,53.0601,35.8,75.0,0.0,3.44,IR,1611453910.0
nata,8.3333,-80.5167,77.0,83.0,20.0,4.61,PA,1611453910.0
umm lajj,25.0213,37.2685,70.57,45.0,2.0,11.39,SA,1611453910.0
anadyr,64.75,177.4833,-18.0,69.0,0.0,6.71,RU,1611453910.0
marsa matruh,31.3525,27.2453,55.27,64.0,2.0,3.49,EG,1611453910.0
cruzeiro do sul,-29.5128,-51.9853,72.0,92.0,0.0,1.01,BR,1611453910.0
mayna,54.1135,47.6231,33.03,99.0,100.0,8.14,RU,1611453910.0
sola,-13.8833,167.55,82.65,72.0,99.0,8.5,VU,1611453910.0
mau,25.95,83.55,53.15,73.0,0.0,2.93,IN,1611453698.0
sawtell,-30.3833,153.1,82.99,57.0,0.0,18.41,AU,1611453911.0
muravlenko,63.7898,74.523,-46.34,77.0,7.0,7.78,RU,1611453911.0
colac,-38.3333,143.5833,82.0,54.0,100.0,2.68,AU,1611453911.0
aden,12.7794,45.0367,75.58,68.0,29.0,19.66,YE,1611453614.0
butte,39.6499,-121.5677,55.4,47.0,1.0,5.75,US,1611453911.0
korla,41.7597,86.1469,24.1,91.0,100.0,5.99,CN,1611453911.0
chalinze,-6.6378,38.354,71.06,96.0,100.0,3.29,TZ,1611453911.0
bandarbeyla,9.4942,50.8122,72.5,73.0,87.0,18.43,SO,1611453911.0
kaitangata,-46.2817,169.8464,62.01,69.0,86.0,18.01,NZ,1611453911.0
kirkenes,69.7271,30.0458,3.2,78.0,100.0,9.22,NO,1611453911.0
kutum,14.2,24.6667,54.23,37.0,12.0,5.86,SD,1611453911.0
pocone,-16.2567,-56.6228,75.54,86.0,98.0,2.55,BR,1611453911.0
havre-saint-pierre,50.2334,-63.5986,32.0,93.0,90.0,9.22,CA,1611453911.0
naze,28.3667,129.4833,66.2,77.0,75.0,11.5,JP,1611453911.0
niquelandia,-14.4739,-48.4597,71.53,79.0,68.0,3.29,BR,1611453683.0
castro,-24.7911,-50.0119,63.82,96.0,100.0,6.67,BR,1611453912.0
lorengau,-2.0226,147.2712,85.89,62.0,62.0,3.78,PG,1611453912.0
aquiraz,-3.9014,-38.3911,82.4,78.0,75.0,10.36,BR,1611453912.0
emerald,-23.5333,148.1667,87.01,47.0,75.0,6.91,AU,1611453912.0
lethem,3.3803,-59.7968,78.51,73.0,39.0,9.33,GY,1611453912.0
mount isa,-20.7333,139.5,93.2,38.0,16.0,11.5,AU,1611453912.0
myszkow,50.5752,19.3246,35.01,100.0,100.0,1.01,PL,1611453912.0
coihaique,-45.5752,-72.0662,55.4,47.0,0.0,2.3,CL,1611453912.0
torbay,47.6666,-52.7314,25.0,86.0,75.0,19.57,CA,1611453797.0
khor,47.8861,134.9464,8.69,93.0,91.0,8.57,RU,1611453912.0
tautira,-17.7333,-149.15,84.2,70.0,75.0,16.11,PF,1611453708.0
ust-nera,64.5667,143.2,-20.78,77.0,100.0,3.4,RU,1611453912.0
asfi,32.2994,-9.2372,55.72,73.0,96.0,8.66,MA,1611453912.0
bambanglipuro,-7.95,110.2833,81.95,72.0,99.0,3.11,ID,1611453913.0
brae,60.3964,-1.353,37.4,87.0,75.0,13.8,GB,1611453913.0
pouebo,-20.4,164.5667,80.78,77.0,93.0,19.8,NC,1611453913.0
owando,-0.4819,15.8999,73.13,85.0,100.0,3.69,CG,1611453913.0
limbang,4.75,115.0,80.6,83.0,75.0,3.44,MY,1611453913.0
lompoc,34.6391,-120.4579,48.2,81.0,1.0,5.75,US,1611453914.0
geraldton,-28.7667,114.6,78.8,50.0,19.0,11.5,AU,1611453865.0
quang ngai,15.1167,108.8,72.97,79.0,7.0,1.23,VN,1611453914.0
mwene-ditu,-7.0,23.45,65.77,100.0,100.0,2.48,CD,1611453914.0
cherskiy,68.75,161.3,-24.03,86.0,100.0,8.48,RU,1611453914.0
makokou,0.5738,12.8642,70.14,91.0,99.0,3.85,GA,1611453914.0
olafsvik,64.8945,-23.7142,29.01,91.0,100.0,37.96,IS,1611453915.0
te anau,-45.4167,167.7167,56.28,82.0,100.0,8.03,NZ,1611453915.0
grand gaube,-20.0064,57.6608,77.0,82.0,0.0,1.01,MU,1611453915.0
manbij,36.5281,37.9549,30.2,80.0,0.0,7.9,SY,1611453915.0
taonan,45.3333,122.7833,18.48,89.0,0.0,5.03,CN,1611453915.0
lithakia,37.7167,20.8333,48.2,87.0,0.0,5.75,GR,1611453915.0
rajaldesar,28.0333,74.4667,51.37,48.0,0.0,4.85,IN,1611453916.0
kayes,14.0,-11.0,68.9,19.0,0.0,5.19,ML,1611453729.0
la ronge,55.1001,-105.2842,-20.2,69.0,0.0,3.44,CA,1611453916.0
north myrtle beach,33.816,-78.68,42.01,65.0,1.0,5.75,US,1611453916.0
urubicha,-15.3833,-62.95,69.28,99.0,100.0,0.54,BO,1611453916.0
sechura,-5.5569,-80.8222,75.56,67.0,63.0,12.48,PE,1611453916.0
hofn,64.2539,-15.2082,32.94,87.0,100.0,24.25,IS,1611453916.0
sorong,-0.8833,131.25,84.02,69.0,88.0,4.74,ID,1611453754.0
kaohsiung,22.6163,120.3133,73.4,73.0,75.0,5.75,TW,1611453907.0
teeli,51.0333,90.2333,2.86,91.0,100.0,1.41,RU,1611453917.0
hit,33.6416,42.8251,43.25,54.0,0.0,6.22,IQ,1611453917.0
arkhara,49.4212,130.0842,-5.12,89.0,88.0,9.48,RU,1611453917.0
belokurikha,51.9959,84.9896,5.54,86.0,100.0,3.31,RU,1611453917.0
mandalgovi,45.7625,106.2708,16.0,88.0,96.0,8.79,MN,1611453917.0
humaita,-7.5061,-63.0208,74.7,93.0,42.0,1.86,BR,1611453917.0
salihorsk,52.7876,27.5415,31.96,98.0,100.0,9.82,BY,1611453917.0
nakhon ratchasima,15.0,102.1667,82.0,100.0,0.0,4.79,TH,1611453917.0
matara,5.9485,80.5353,73.2,87.0,13.0,7.27,LK,1611453917.0
kaseda,31.4167,130.3167,55.4,94.0,75.0,8.05,JP,1611453917.0
aracaju,-10.9111,-37.0717,80.6,74.0,40.0,8.05,BR,1611453917.0
tuatapere,-46.1333,167.6833,57.99,83.0,100.0,21.99,NZ,1611453917.0
praia,14.9215,-23.5087,69.8,78.0,0.0,17.27,CV,1611453917.0
clyde river,70.4692,-68.5914,-9.4,84.0,1.0,5.75,CA,1611453918.0
chapais,49.7834,-74.8492,-0.4,78.0,90.0,13.8,CA,1611453918.0
pozo colorado,-23.4923,-58.7972,75.99,88.0,74.0,4.14,PY,1611453918.0
launceston,-41.45,147.1667,82.0,31.0,100.0,8.05,AU,1611453686.0
ondangwa,-17.9167,15.95,73.09,65.0,100.0,4.27,NA,1611453918.0
awallan,17.9244,121.913,73.72,91.0,97.0,3.91,PH,1611453918.0
gamba,-2.65,10.0,76.06,89.0,76.0,3.02,GA,1611453918.0
buraydah,26.326,43.975,46.4,49.0,20.0,3.44,SA,1611453918.0
acapulco,16.8634,-99.8901,80.6,83.0,90.0,3.44,MX,1611453918.0
mendi,-6.1761,143.6513,66.36,79.0,88.0,3.85,PG,1611453918.0
esso,55.9333,158.7,6.71,81.0,0.0,0.92,RU,1611453918.0
jumla,29.2747,82.1838,33.84,55.0,0.0,4.88,NP,1611453918.0
elko,41.0002,-115.5012,30.0,86.0,75.0,2.8,US,1611453918.0
pangkalanbuun,-2.6833,111.6167,84.45,71.0,83.0,1.88,ID,1611453918.0
kawalu,-7.3817,108.2082,81.66,73.0,98.0,0.81,ID,1611453919.0
sycow,51.3081,17.7198,35.01,93.0,75.0,1.14,PL,1611453919.0
palenque,17.5167,-91.9667,80.6,74.0,20.0,4.45,MX,1611453919.0
walvis bay,-22.9575,14.5053,71.01,88.0,100.0,6.91,NA,1611453919.0
krivosheino,57.3431,83.9261,-41.8,80.0,79.0,5.37,RU,1611453919.0
maraa,-1.8333,-65.3667,73.13,97.0,53.0,1.23,BR,1611453919.0
tatarsk,55.219,75.9828,-42.9,80.0,0.0,6.53,RU,1611453919.0
kupino,54.3663,77.2981,-38.99,81.0,4.0,7.85,RU,1611453919.0
hami,42.8,93.45,20.71,88.0,89.0,11.59,CN,1611453919.0
port keats,-14.25,129.55,86.68,69.0,100.0,8.97,AU,1611453919.0
pangnirtung,66.1451,-65.7125,15.24,80.0,44.0,2.71,CA,1611453919.0
port blair,11.6667,92.75,77.7,67.0,2.0,8.41,IN,1611453919.0
kencong,-8.2833,113.3667,83.93,67.0,100.0,0.45,ID,1611453919.0
cocorit,27.5833,-109.9667,66.2,68.0,20.0,6.91,MX,1611453919.0
bontang,0.1333,117.5,83.03,70.0,97.0,3.22,ID,1611453921.0
iwanai,42.9744,140.5089,30.4,94.0,39.0,4.12,JP,1611453921.0
maldonado,-34.6667,-54.9167,77.0,78.0,0.0,11.5,UY,1611453921.0
dongsheng,39.8161,109.9776,27.93,84.0,0.0,4.83,CN,1611453921.0
zalantun,48.0,122.7167,13.91,89.0,4.0,4.5,CN,1611453921.0
constitucion,-35.3333,-72.4167,57.94,92.0,24.0,2.93,CL,1611453921.0
tikapur,28.5,81.1333,53.28,55.0,0.0,3.78,NP,1611453921.0
santa isabel do rio negro,-0.4139,-65.0192,73.04,97.0,63.0,1.28,BR,1611453921.0
sandusky,41.3501,-83.1332,23.0,73.0,74.0,2.21,US,1611453876.0
biga,40.2281,27.2422,54.0,36.0,54.0,19.1,TR,1611453921.0
tasiilaq,65.6145,-37.6368,15.8,48.0,38.0,1.14,GL,1611453921.0
mayor pablo lagerenza,-19.9309,-60.7718,75.11,84.0,52.0,5.39,PY,1611453921.0
dolny kubin,49.2098,19.3034,39.99,10.0,100.0,2.82,SK,1611453921.0
ayr,55.4627,-4.6339,30.2,93.0,20.0,6.91,GB,1611453922.0
petropavlovsk-kamchatskiy,53.0452,158.6483,10.4,48.0,68.0,8.95,RU,1611453922.0
solnechnyy,50.7214,136.6319,3.78,87.0,51.0,2.66,RU,1611453922.0
manakara,-22.1333,48.0167,76.06,93.0,94.0,2.84,MG,1611453922.0
liverpool,53.4106,-2.9779,34.0,93.0,20.0,5.75,GB,1611453922.0
rio grande,-32.035,-52.0986,75.0,89.0,100.0,1.01,BR,1611453684.0
nyurba,63.2842,118.3319,-51.36,76.0,54.0,5.46,RU,1611453922.0
lakatoro,-16.0999,167.4164,85.6,68.0,100.0,4.07,VU,1611453922.0
rudnyy,52.9594,63.1206,-13.0,70.0,93.0,8.95,KZ,1611453922.0
hovd,48.0056,91.6419,6.69,61.0,33.0,8.46,MN,1611453922.0
tezu,27.9167,96.1667,65.8,41.0,65.0,0.47,IN,1611453922.0
kankan,10.3854,-9.3057,65.55,23.0,0.0,4.03,GN,1611453923.0
tabuk,17.4189,121.4443,73.74,90.0,98.0,9.01,PH,1611453923.0
kupang,-10.1667,123.5833,78.8,94.0,90.0,5.75,ID,1611453923.0
kansanshi,-12.0951,26.4273,61.88,98.0,99.0,4.12,ZM,1611453671.0
katherine,-14.4667,132.2667,84.2,70.0,75.0,8.05,AU,1611453923.0
avera,33.194,-82.5271,44.6,65.0,1.0,4.61,US,1611453923.0
mogadishu,2.0371,45.3438,75.29,84.0,26.0,16.84,SO,1611453744.0
kununurra,-15.7667,128.7333,86.0,84.0,99.0,8.05,AU,1611453923.0
yumen,40.2833,97.2,18.61,83.0,100.0,26.22,CN,1611453923.0
oussouye,12.485,-16.5469,68.43,25.0,52.0,6.15,SN,1611453923.0
hereford,52.0568,-2.7148,28.99,94.0,71.0,3.83,GB,1611453744.0
jiaonan,35.8786,119.9753,34.0,93.0,75.0,4.47,CN,1611453923.0
yarkovo,57.4028,67.0786,-33.45,83.0,8.0,3.62,RU,1611453923.0
gizo,-8.103,156.8419,84.97,62.0,86.0,7.94,SB,1611453923.0
pemba,-12.974,40.5178,77.0,94.0,20.0,8.05,MZ,1611453924.0
satuk,41.2263,32.3836,34.68,84.0,100.0,6.46,TR,1611453924.0
fairbanks,64.8378,-147.7164,21.99,78.0,75.0,3.15,US,1611453922.0
dhidhdhoo,6.8833,73.1,81.84,72.0,20.0,8.66,MV,1611453924.0
ierapetra,35.01,25.7353,60.01,60.0,2.0,18.05,GR,1611453924.0
muisne,0.6,-80.0333,76.57,86.0,64.0,3.83,EC,1611453924.0
clarence town,-32.5833,151.7833,97.0,22.0,0.0,5.75,AU,1611453924.0
dali,25.7,100.1833,48.43,69.0,55.0,5.46,CN,1611453830.0
cayenne,4.9333,-52.3333,75.2,100.0,90.0,1.14,GF,1611453884.0
santa cruz de la palma,28.6835,-17.7642,64.4,77.0,90.0,4.61,ES,1611453924.0
muros,42.7762,-9.0603,51.01,89.0,100.0,12.39,ES,1611453924.0
port-gentil,-0.7193,8.7815,80.6,77.0,100.0,8.86,GA,1611453924.0
la palma,33.8464,-118.0467,53.01,76.0,90.0,4.61,US,1611453924.0
hirara,24.8,125.2833,68.0,68.0,40.0,10.36,JP,1611453925.0
woodstock,43.1334,-80.7497,21.2,79.0,57.0,3.44,CA,1611453925.0
waconia,44.8508,-93.7869,17.01,89.0,100.0,7.99,US,1611453925.0
yining,29.0361,114.5636,53.17,65.0,0.0,2.57,CN,1611453908.0
odessa,46.4775,30.7326,46.4,93.0,0.0,17.9,UA,1611453884.0
aldergrove,49.058,-122.4709,35.6,60.0,20.0,1.86,CA,1611453925.0
stamford,41.0534,-73.5387,25.0,53.0,1.0,28.77,US,1611453680.0
la roche-sur-yon,46.6667,-1.4333,33.8,100.0,100.0,1.14,FR,1611453862.0
vestmannaeyjar,63.4427,-20.2734,32.11,88.0,100.0,24.43,IS,1611453925.0
witu,-2.3889,40.4382,73.54,93.0,94.0,2.39,KE,1611453925.0
kenora,49.8167,-94.4337,21.2,86.0,90.0,14.97,CA,1611453723.0
esperance,-33.8667,121.9,64.4,88.0,90.0,3.44,AU,1611453925.0
shaunavon,49.6501,-108.4181,6.8,85.0,100.0,6.91,CA,1611453925.0
aldan,58.6031,125.3894,-33.77,80.0,48.0,3.0,RU,1611453925.0
irbil,36.1926,44.0106,39.2,66.0,0.0,1.92,IQ,1611453926.0
mamallapuram,12.6264,80.1722,73.4,88.0,40.0,2.3,IN,1611453926.0
robertsport,6.7533,-11.3686,78.94,83.0,0.0,7.9,LR,1611453926.0
quatre cocos,-20.2078,57.7625,77.0,94.0,40.0,2.3,MU,1611453926.0
tromso,69.6496,18.957,21.2,63.0,75.0,10.36,NO,1611453926.0
flinders,-34.5833,150.8552,93.0,61.0,17.0,4.0,AU,1611453926.0
harper,4.375,-7.7169,77.81,87.0,0.0,7.34,LR,1611453785.0
sao luiz gonzaga,-28.4083,-54.9608,74.19,81.0,53.0,6.31,BR,1611453713.0
paamiut,61.994,-49.6678,19.92,80.0,0.0,9.82,GL,1611453926.0
pacific grove,36.6177,-121.9166,52.0,82.0,40.0,6.91,US,1611453790.0
trairi,-3.2778,-39.2689,78.98,82.0,100.0,9.62,BR,1611453926.0
verkhniy lomov,53.4678,43.5511,33.8,98.0,100.0,10.22,RU,1611453926.0
hambantota,6.1241,81.1185,73.4,100.0,27.0,3.44,LK,1611453926.0
tumalaytay,12.2758,123.232,83.41,70.0,23.0,3.85,PH,1611453926.0
wertheim,49.7575,9.5094,34.0,94.0,100.0,6.8,DE,1611453926.0
la cruz,23.9167,-106.9,66.99,86.0,100.0,1.01,MX,1611453927.0
singapore,1.2897,103.8501,80.6,83.0,75.0,10.36,SG,1611453918.0
cidreira,-30.1811,-50.2056,76.51,83.0,0.0,20.33,BR,1611453927.0
boa vista,2.8197,-60.6733,82.4,65.0,75.0,18.41,BR,1611453718.0
cam ranh,11.9214,109.1591,77.0,65.0,40.0,9.22,VN,1611453927.0
banda aceh,5.5577,95.3222,80.08,77.0,30.0,7.45,ID,1611453927.0
hasaki,35.7333,140.8333,39.2,93.0,75.0,19.57,JP,1611453927.0
qeshm,26.9581,56.2719,59.0,17.0,90.0,11.5,IR,1611453927.0
juybar,36.6412,52.9124,37.4,72.0,0.0,3.22,IR,1611453927.0
troitskoye,52.9821,84.6757,7.05,94.0,100.0,9.13,RU,1611453927.0
sapa,5.1544,120.3241,82.09,79.0,42.0,8.59,PH,1611453927.0
saldanha,-33.0117,17.9442,60.8,67.0,0.0,11.5,ZA,1611453927.0
ihosy,-22.4,46.1167,70.25,91.0,97.0,5.17,MG,1611453927.0
lovozero,68.005,35.0117,-6.12,90.0,95.0,8.03,RU,1611453927.0
padang,-0.9492,100.3543,84.2,61.0,20.0,2.3,ID,1611453927.0
sur,22.5667,59.5289,64.51,56.0,0.0,12.21,OM,1611453927.0
xifeng,42.7372,124.7222,30.78,94.0,10.0,3.8,CN,1611453928.0
athabasca,54.7169,-113.2854,-20.2,76.0,100.0,1.14,CA,1611453928.0
manicore,-5.8092,-61.3003,75.76,88.0,18.0,1.21,BR,1611453928.0
klichka,50.4457,117.996,3.34,92.0,100.0,3.29,RU,1611453928.0
nuuk,64.1835,-51.7216,17.6,79.0,20.0,4.61,GL,1611453928.0
axim,4.8699,-2.2405,77.68,87.0,47.0,4.74,GH,1611453928.0
meulaboh,4.1363,96.1285,79.79,78.0,4.0,4.18,ID,1611453928.0
floro,61.5996,5.0328,37.4,81.0,75.0,16.11,NO,1611453928.0
cardston,49.2,-113.3019,23.0,53.0,0.0,2.3,CA,1611453928.0
acari,-15.4311,-74.6158,72.9,67.0,23.0,4.12,PE,1611453928.0
hualmay,-11.0964,-77.6139,71.31,80.0,75.0,5.55,PE,1611453928.0
kamloops,50.6665,-120.3192,23.0,68.0,75.0,2.3,CA,1611453789.0
teofilo otoni,-17.8575,-41.5053,66.18,93.0,15.0,2.68,BR,1611453634.0
pisco,-13.7,-76.2167,73.4,73.0,75.0,5.75,PE,1611453859.0
bibiani,6.4635,-2.3194,66.85,42.0,38.0,0.76,GH,1611453928.0
marquette,46.5333,-87.6335,19.0,65.0,100.0,3.0,US,1611453928.0
westport,41.1415,-73.3579,24.8,36.0,1.0,12.66,US,1611453806.0
ust-koksa,50.2696,85.6108,-1.55,83.0,100.0,2.66,RU,1611453928.0
porto-vecchio,41.591,9.2795,55.4,87.0,75.0,23.02,FR,1611453929.0
mount pleasant,32.7941,-79.8626,46.0,81.0,1.0,11.3,US,1611453929.0
wagga wagga,-35.1167,147.3667,102.0,10.0,12.0,3.44,AU,1611453929.0
jutai,-5.1833,-68.9,73.4,96.0,100.0,1.28,BR,1611453929.0
beyneu,45.3167,55.2,34.59,92.0,100.0,8.03,KZ,1611453929.0
tirumullaivasal,11.2333,79.8333,74.98,72.0,79.0,4.09,IN,1611453929.0
goderich,43.7501,-81.7165,19.4,86.0,100.0,5.75,CA,1611453929.0
calvinia,-31.4707,19.776,61.11,61.0,0.0,5.73,ZA,1611453929.0
larsnes,62.2028,5.5773,37.99,71.0,100.0,7.0,NO,1611453929.0
ucluelet,48.9329,-125.5528,42.01,87.0,90.0,5.75,CA,1611453635.0
simao dias,-10.7383,-37.8111,70.41,91.0,100.0,5.97,BR,1611453929.0
eldorado,-23.7869,-54.2836,71.65,92.0,36.0,5.41,BR,1611453929.0
santa vitoria do palmar,-33.5189,-53.3681,70.54,95.0,2.0,6.76,BR,1611453929.0
gayeri,12.6497,0.4931,65.61,23.0,0.0,7.7,BF,1611453929.0
zabid,14.1951,43.3152,70.79,68.0,25.0,1.19,YE,1611453786.0
andapa,-14.65,49.65,69.19,90.0,77.0,1.74,MG,1611453930.0
tsumeb,-19.2333,17.7167,66.2,100.0,100.0,1.14,NA,1611453930.0
diapaga,12.0708,1.7889,67.68,22.0,100.0,6.71,BF,1611453930.0
malakal,9.5334,31.6605,74.86,25.0,78.0,7.31,SS,1611453930.0
qandala,11.472,49.8728,72.28,58.0,2.0,7.63,SO,1611453930.0
barra do garcas,-15.89,-52.2567,74.35,86.0,100.0,3.85,BR,1611453930.0
baghdad,33.3406,44.4009,33.8,60.0,0.0,4.61,IQ,1611453634.0
dwarka,22.2394,68.9678,67.42,40.0,0.0,11.63,IN,1611453930.0
vanimo,-2.6741,141.3028,85.05,66.0,100.0,4.85,PG,1611453930.0
belomorsk,64.5232,34.7668,33.57,93.0,100.0,8.5,RU,1611453930.0
taoudenni,22.6783,-3.9836,62.94,24.0,0.0,9.35,ML,1611453930.0
nassau,40.7507,-73.5829,26.01,42.0,1.0,14.97,US,1611453930.0
pontes e lacerda,-15.2261,-59.3353,72.46,92.0,97.0,1.52,BR,1611453930.0
vieques,18.425,-65.8329,78.8,78.0,20.0,8.1,PR,1611453931.0
sorland,67.667,12.6934,26.01,93.0,50.0,13.06,NO,1611453931.0
beloha,-25.1667,45.05,75.54,88.0,25.0,10.31,MG,1611453931.0
eberndorf,46.5914,14.6436,32.0,100.0,75.0,2.3,AT,1611453931.0
tomatlan,19.9333,-105.25,70.2,82.0,60.0,0.65,MX,1611453931.0
sabzevar,36.2126,57.6819,30.36,72.0,100.0,2.01,IR,1611453931.0
constantine,36.365,6.6147,48.2,57.0,40.0,16.11,DZ,1611453931.0
marienburg,54.0359,19.0266,34.0,100.0,90.0,10.36,PL,1611453931.0
chadiza,-14.0678,32.4392,65.62,96.0,100.0,10.18,ZM,1611453931.0
jasidih,24.5167,86.65,59.68,56.0,33.0,2.89,IN,1611453931.0
nanticoke,41.2054,-76.0049,23.0,60.0,0.0,3.0,US,1611453931.0
thinadhoo,0.5333,72.9333,82.31,69.0,99.0,2.48,MV,1611453931.0
hamilton,39.1834,-84.5333,28.0,68.0,1.0,4.61,US,1611453931.0
jermuk,39.8417,45.6723,13.17,42.0,0.0,1.39,AM,1611453932.0
sompeta,18.9333,84.6,72.59,79.0,9.0,4.5,IN,1611453932.0
singkang,2.1006,102.7994,77.0,83.0,20.0,4.61,MY,1611453932.0
yenagoa,4.9247,6.2642,75.87,87.0,100.0,2.95,NG,1611453932.0
perth,-31.9333,115.8333,77.0,50.0,40.0,11.5,AU,1611453736.0
bafilo,9.35,1.2667,66.42,22.0,0.0,4.81,TG,1611453932.0
kagadi,0.9606,30.7967,67.26,61.0,100.0,1.61,UG,1611453932.0
alexandroupoli,40.8475,25.8744,53.01,88.0,100.0,1.99,GR,1611453932.0
darnah,32.767,22.6367,54.43,47.0,0.0,21.34,LY,1611453932.0
hay river,60.8156,-115.7999,-16.6,69.0,5.0,3.44,CA,1611453932.0
kaeo,-35.1,173.7833,81.0,53.0,2.0,8.99,NZ,1611453932.0
the valley,18.217,-63.0578,77.0,83.0,20.0,5.75,AI,1611453932.0
nome,64.5011,-165.4064,26.6,93.0,90.0,3.44,US,1611453877.0
belyy yar,53.6039,91.3903,3.2,72.0,100.0,2.24,RU,1611453933.0
elk city,35.412,-99.4043,44.6,100.0,90.0,16.11,US,1611453933.0
nouakchott,18.0858,-15.9785,64.4,11.0,90.0,8.05,MR,1611453933.0
tukrah,32.5341,20.5791,54.5,50.0,0.0,13.87,LY,1611453933.0
astoria,46.1879,-123.8313,42.01,81.0,90.0,4.61,US,1611453933.0
savelugu,9.6244,-0.8253,72.82,19.0,1.0,6.71,GH,1611453933.0
smoky lake,54.1169,-112.4686,-14.8,76.0,98.0,5.73,CA,1611453933.0
cururupu,-1.8283,-44.8683,76.24,87.0,96.0,3.6,BR,1611453933.0
nhulunbuy,-12.2333,136.7667,80.6,83.0,75.0,5.75,AU,1611453933.0
longyan,25.1072,117.0225,60.01,65.0,61.0,3.0,CN,1611453933.0
gamboula,4.1178,15.1393,67.08,34.0,98.0,4.74,CF,1611453933.0
itarema,-2.9248,-39.9167,79.38,82.0,91.0,9.82,BR,1611453933.0
netrakona,24.8833,90.7167,59.85,59.0,38.0,6.35,BD,1611453933.0
yaring,6.8662,101.3689,78.8,78.0,40.0,5.75,TH,1611453934.0
alekseyevsk,57.8406,108.3492,-16.46,86.0,100.0,1.21,RU,1611453934.0
bria,6.5423,21.9863,73.54,30.0,75.0,4.36,CF,1611453934.0
rybnaya sloboda,55.4613,50.1409,23.0,93.0,90.0,11.18,RU,1611453934.0
tornio,65.8481,24.1466,12.2,92.0,90.0,8.05,FI,1611453934.0
acajutiba,-11.6622,-38.0172,71.56,95.0,100.0,4.03,BR,1611453934.0
ejido,8.5514,-71.2375,65.97,64.0,22.0,4.45,VE,1611453934.0
zakamensk,50.3741,103.2863,7.7,91.0,100.0,2.28,RU,1611453934.0
longyearbyen,78.2186,15.6401,10.4,72.0,75.0,11.5,SJ,1611453934.0
foumban,5.7291,10.9001,60.69,36.0,100.0,2.59,CM,1611453934.0
tampayan,12.4794,122.5231,81.25,76.0,100.0,4.94,PH,1611453934.0
rawson,-43.3002,-65.1023,65.1,66.0,64.0,16.4,AR,1611453934.0
qaqortoq,60.7167,-46.0333,28.4,29.0,0.0,23.02,GL,1611453935.0
atar,20.5169,-13.0499,64.83,22.0,1.0,8.75,MR,1611453935.0
knysna,-34.0363,23.0471,60.8,100.0,90.0,13.8,ZA,1611453935.0
tadine,-21.55,167.8833,79.03,77.0,79.0,21.77,NC,1611453935.0
chokwe,-24.5333,32.9833,75.69,92.0,100.0,7.74,MZ,1611453935.0
ruteng,-8.6136,120.4721,74.08,78.0,100.0,1.45,ID,1611453935.0
mgandu,-5.95,34.1333,59.14,98.0,100.0,3.44,TZ,1611453935.0
keflavik,64.0049,-22.5624,32.0,74.0,40.0,31.07,IS,1611453935.0
villefranche-de-rouergue,44.3333,2.0,39.99,93.0,90.0,5.75,FR,1611453935.0
chivilcoy,-34.8957,-60.0167,82.99,68.0,0.0,5.99,AR,1611453935.0
ilhabela,-23.7781,-45.3581,76.15,83.0,100.0,9.64,BR,1611453650.0
savannah bight,16.45,-85.85,78.01,86.0,1.0,1.01,HN,1611453935.0
port lincoln,-34.7333,135.8667,78.53,48.0,94.0,9.46,AU,1611453935.0
srivardhan,18.0333,73.0167,71.37,75.0,0.0,5.91,IN,1611453935.0
kalmunai,7.4167,81.8167,75.51,80.0,54.0,5.93,LK,1611453935.0
manono,-7.3,27.4167,69.94,93.0,100.0,1.63,CD,1611453936.0
kidal,18.4411,1.4078,61.16,24.0,0.0,10.6,ML,1611453936.0
maua,-23.6678,-46.4614,70.0,83.0,20.0,6.91,BR,1611453936.0
kologriv,58.8275,44.3178,30.78,99.0,100.0,5.41,RU,1611453936.0
kondoa,-4.9,35.7833,59.99,97.0,100.0,3.89,TZ,1611453936.0
alta floresta,-9.8756,-56.0861,72.45,90.0,100.0,2.17,BR,1611453936.0
vardo,70.3705,31.1107,20.43,96.0,100.0,28.03,NO,1611453936.0
bugama,4.7341,6.8635,77.94,84.0,100.0,3.29,NG,1611453936.0
nemuro,43.3236,145.575,21.2,73.0,20.0,6.91,JP,1611453765.0
huarmey,-10.0681,-78.1522,71.8,77.0,86.0,6.2,PE,1611453936.0
raudeberg,61.9875,5.1352,37.0,83.0,100.0,15.88,NO,1611453936.0
ban nahin,18.2418,104.2122,75.99,50.0,0.0,0.81,LA,1611453936.0
svetlaya,46.5389,138.3297,28.85,79.0,0.0,11.18,RU,1611453936.0
puerto del rosario,28.5004,-13.8627,64.4,77.0,20.0,11.5,ES,1611453937.0
shimanovsk,52.0,127.7,-8.28,82.0,100.0,10.16,RU,1611453937.0
udachnyy,66.4167,112.4,-39.37,79.0,59.0,3.38,RU,1611453678.0
hobyo,5.3505,48.5268,76.68,69.0,90.0,20.49,SO,1611453937.0
pau,43.4167,-0.5833,42.8,93.0,90.0,10.36,FR,1611453937.0
pfullingen,48.4646,9.228,35.6,87.0,75.0,10.36,DE,1611453937.0
port hueneme,34.1478,-119.1951,53.6,58.0,75.0,7.0,US,1611453725.0
nieuw amsterdam,5.8833,-55.0833,78.01,90.0,82.0,4.0,SR,1611453937.0
bolshevik,54.0065,27.5692,30.2,100.0,90.0,11.18,BY,1611453937.0
mandurah,-32.55,115.7,77.0,41.0,75.0,10.36,AU,1611453937.0
moses lake,47.1301,-119.2781,30.2,64.0,1.0,4.61,US,1611453937.0
talnakh,69.4865,88.3972,-35.37,64.0,53.0,1.63,RU,1611453938.0
mingshui,36.7167,117.5,41.0,56.0,100.0,1.45,CN,1611453938.0
ulaangom,49.9811,92.0667,1.65,92.0,100.0,1.05,MN,1611453938.0
vostok,46.4856,135.8833,18.23,90.0,0.0,3.89,RU,1611453938.0
moose factory,51.2585,-80.6094,-9.4,70.0,1.0,6.91,CA,1611453938.0
upington,-28.4478,21.2561,75.2,83.0,21.0,3.44,ZA,1611453938.0
pilar,-9.5972,-35.9567,77.0,88.0,75.0,4.61,BR,1611453938.0
touros,-5.1989,-35.4608,78.8,83.0,40.0,6.91,BR,1611453938.0
ramshir,30.8946,49.4092,42.8,81.0,0.0,5.68,IR,1611453938.0
sokoni,-6.4333,39.55,80.56,81.0,100.0,10.63,TZ,1611453938.0
palaikastron,35.2,26.25,60.01,60.0,4.0,14.94,GR,1611453938.0
nadym,65.5333,72.5167,-45.42,79.0,27.0,1.03,RU,1611453938.0
lombardia,19.15,-102.0333,71.6,49.0,75.0,3.67,MX,1611453938.0
qiongshan,20.0058,110.3542,60.8,100.0,75.0,2.24,CN,1611453939.0
santa ines,-3.6667,-45.38,74.3,96.0,100.0,2.71,BR,1611453939.0
shubarkuduk,49.1447,56.4872,14.74,96.0,98.0,11.77,KZ,1611453939.0
taltal,-25.4,-70.4833,66.47,69.0,0.0,5.14,CL,1611453939.0
ancud,-41.8697,-73.8203,57.0,67.0,0.0,10.36,CL,1611453939.0
olkhovka,53.2115,60.6069,-4.43,92.0,100.0,9.44,RU,1611453939.0
kingisepp,59.3733,28.6134,36.07,96.0,100.0,10.04,RU,1611453939.0
puerto madryn,-42.7692,-65.0385,65.7,64.0,5.0,13.71,AR,1611453939.0
mayumba,-3.432,10.6554,76.12,87.0,100.0,1.74,GA,1611453939.0
